vedio_url,image_url
https://www.youtube.com/watch?v=mA345j5Fc60,https://i.ytimg.com/vi/mA345j5Fc60/hqdefault.jpg?sqp=-oaymwEcCOADEI4CSFXyq4qpAw4IARUAAIhCGAFwAcABBg==&rs=AOn4CLBMSH8XghQFw8ozJGVeqrrCuWT_mA
https://www.youtube.com/watch?v=cHKr211oTlQ,https://i.ytimg.com/vi/cHKr211oTlQ/hq720.jpg?sqp=-oaymwEcCNAFEJQDSFXyq4qpAw4IARUAAIhCGAFwAcABBg==&rs=AOn4CLB-Kvs-SDQatO3NrF0HxtvQDHnunQ
https://www.youtube.com/watch?v=i8ncIcJs-LA,https://i.ytimg.com/vi/i8ncIcJs-LA/hq720.jpg?sqp=-oaymwEcCNAFEJQDSFXyq4qpAw4IARUAAIhCGAFwAcABBg==&rs=AOn4CLDmj1la3Y6L06W_5DvYAT-yRjomZA
https://www.youtube.com/watch?v=fC9wg0DwHKQ,https://i.ytimg.com/vi/fC9wg0DwHKQ/hq720.jpg?sqp=-oaymwEcCNAFEJQDSFXyq4qpAw4IARUAAIhCGAFwAcABBg==&rs=AOn4CLCvvxRIyh5F9INSGdOuV79iRxnZbg
https://www.youtube.com/watch?v=vsxZ_4sFWoU,https://i.ytimg.com/vi/vsxZ_4sFWoU/hq720.jpg?sqp=-oaymwEcCNAFEJQDSFXyq4qpAw4IARUAAIhCGAFwAcABBg==&rs=AOn4CLBVpm9v8FXFk-pTf0gBSZqkQoDmFQ
https://www.youtube.com/watch?v=_6Kbkd9RWs8,https://i.ytimg.com/vi/_6Kbkd9RWs8/hq720.jpg?sqp=-oaymwEcCNAFEJQDSFXyq4qpAw4IARUAAIhCGAFwAcABBg==&rs=AOn4CLDJpUAFsZzS-FVWrTJnPjxcMIwK2Q
https://www.youtube.com/watch?v=E4nmA5oVflo,https://i.ytimg.com/vi/E4nmA5oVflo/hq720.jpg?sqp=-oaymwEcCNAFEJQDSFXyq4qpAw4IARUAAIhCGAFwAcABBg==&rs=AOn4CLCkuIf4D-diuDh4tE70bVs9BXLOXQ
https://www.youtube.com/watch?v=Q69RO-n5n7Q,https://i.ytimg.com/vi/Q69RO-n5n7Q/hq720.jpg?sqp=-oaymwEcCNAFEJQDSFXyq4qpAw4IARUAAIhCGAFwAcABBg==&rs=AOn4CLCw_wmYp1jll9tjt5vjZ0yS0PKy0Q
https://www.youtube.com/watch?v=YeC45FeUOA8,https://i.ytimg.com/vi/YeC45FeUOA8/hq720.jpg?sqp=-oaymwEcCNAFEJQDSFXyq4qpAw4IARUAAIhCGAFwAcABBg==&rs=AOn4CLD6-8y_0PUV5cENw2AeBbwPNbbBZQ
https://www.youtube.com/watch?v=TKJwh9QJvR8,https://i.ytimg.com/vi/TKJwh9QJvR8/hq720.jpg?sqp=-oaymwEcCNAFEJQDSFXyq4qpAw4IARUAAIhCGAFwAcABBg==&rs=AOn4CLDPDnUxHJKj13e50rOBs2bUJJ1PKQ
